{
  "lpips": 0.13667960464954376,
  "ssim": 0.8613030314445496,
  "psnr": 25.890708923339844,
  "tgt_e_R": 0.816599428653717,
  "tgt_e_t": 4.447951316833496,
  "tgt_e_pose": 4.556284427642822,
  "cxt_e_R": 1.3947923183441162,
  "cxt_e_t": 2.793660879135132,
  "cxt_e_pose": 3.1100645065307617
}