{
  "medium": {
    "lpips": 0.13578782975673676,
    "ssim": 0.8619204759597778,
    "psnr": 25.724468231201172,
    "tgt_e_R": 0.9142617583274841,
    "tgt_e_t": 4.600406169891357,
    "tgt_e_pose": 4.757440567016602,
    "cxt_e_R": 1.6067050695419312,
    "cxt_e_t": 3.010171890258789,
    "cxt_e_pose": 3.4075939655303955
  },
  "small": {
    "lpips": 0.18301278352737427,
    "ssim": 0.8110513687133789,
    "psnr": 23.304950714111328,
    "tgt_e_R": 0.9733235836029053,
    "tgt_e_t": 3.6087536811828613,
    "tgt_e_pose": 3.732783794403076,
    "cxt_e_R": 1.632232904434204,
    "cxt_e_t": 2.5190560817718506,
    "cxt_e_pose": 2.9380784034729004
  },
  "large": {
    "lpips": 0.09820371866226196,
    "ssim": 0.9035810828208923,
    "psnr": 28.37822723388672,
    "tgt_e_R": 0.5278412103652954,
    "tgt_e_t": 4.930105209350586,
    "tgt_e_pose": 4.948176383972168,
    "cxt_e_R": 0.856574296951294,
    "cxt_e_t": 2.6889286041259766,
    "cxt_e_pose": 2.7893707752227783
  }
}