{
  "medium": {
    "lpips": 0.19217118620872498,
    "ssim": 0.7654166221618652,
    "psnr": 22.94574737548828,
    "tgt_e_R": 3.734159469604492,
    "tgt_e_t": 12.119034767150879,
    "tgt_e_pose": 12.546087265014648,
    "cxt_e_R": 7.18205451965332,
    "cxt_e_t": 11.7568998336792,
    "cxt_e_pose": 13.365209579467773
  },
  "small": {
    "lpips": 0.2716791033744812,
    "ssim": 0.6669910550117493,
    "psnr": 20.11166763305664,
    "tgt_e_R": 5.932774543762207,
    "tgt_e_t": 16.122802734375,
    "tgt_e_pose": 16.39836883544922,
    "cxt_e_R": 11.954935073852539,
    "cxt_e_t": 20.371658325195312,
    "cxt_e_pose": 21.940900802612305
  },
  "large": {
    "lpips": 0.13051804900169373,
    "ssim": 0.8462579846382141,
    "psnr": 26.03620147705078,
    "tgt_e_R": 1.7351709604263306,
    "tgt_e_t": 9.290352821350098,
    "tgt_e_pose": 9.467531204223633,
    "cxt_e_R": 3.455906629562378,
    "cxt_e_t": 7.2776384353637695,
    "cxt_e_pose": 7.977071285247803
  }
}