{
  "lpips": 0.19414475560188293,
  "ssim": 0.7642930150032043,
  "psnr": 23.135305404663086,
  "tgt_e_R": 3.7031538486480713,
  "tgt_e_t": 12.298738479614258,
  "tgt_e_pose": 12.615095138549805,
  "cxt_e_R": 7.293242931365967,
  "cxt_e_t": 12.61125373840332,
  "cxt_e_pose": 13.945282936096191
}