{
  "lpips": 0.13663220405578613,
  "ssim": 0.8610280156135559,
  "psnr": 25.887298583984375,
  "tgt_e_R": 1.0232523679733276,
  "tgt_e_t": 4.936280250549316,
  "tgt_e_pose": 5.06252384185791,
  "cxt_e_R": 1.5876749753952026,
  "cxt_e_t": 3.167226791381836,
  "cxt_e_pose": 3.5334293842315674
}