{
  "medium": {
    "lpips": 0.135942742228508,
    "ssim": 0.8612568974494934,
    "psnr": 25.715917587280273,
    "tgt_e_R": 1.1578158140182495,
    "tgt_e_t": 5.027408599853516,
    "tgt_e_pose": 5.197967052459717,
    "cxt_e_R": 1.8512965440750122,
    "cxt_e_t": 3.3052494525909424,
    "cxt_e_pose": 3.7990128993988037
  },
  "small": {
    "lpips": 0.18282480537891388,
    "ssim": 0.8110888600349426,
    "psnr": 23.31659698486328,
    "tgt_e_R": 1.1290028095245361,
    "tgt_e_t": 3.9158806800842285,
    "tgt_e_pose": 4.077454090118408,
    "cxt_e_R": 1.730996012687683,
    "cxt_e_t": 2.856729030609131,
    "cxt_e_pose": 3.2782537937164307
  },
  "large": {
    "lpips": 0.0979573130607605,
    "ssim": 0.9036471247673035,
    "psnr": 28.370315551757812,
    "tgt_e_R": 0.7202363610267639,
    "tgt_e_t": 5.671018123626709,
    "tgt_e_pose": 5.697048187255859,
    "cxt_e_R": 1.0489894151687622,
    "cxt_e_t": 3.2170138359069824,
    "cxt_e_pose": 3.3346431255340576
  }
}