{
  "medium": {
    "lpips": 0.11250201612710953,
    "ssim": 0.8725001215934753,
    "psnr": 26.933927536010742,
    "tgt_e_R": 2.171549081802368,
    "tgt_e_t": 8.486570358276367,
    "tgt_e_pose": 8.683138847351074,
    "cxt_e_R": 3.94937801361084,
    "cxt_e_t": 6.464509010314941,
    "cxt_e_pose": 7.241261005401611
  },
  "small": {
    "lpips": 0.1451675146818161,
    "ssim": 0.8276335000991821,
    "psnr": 24.922086715698242,
    "tgt_e_R": 2.722400188446045,
    "tgt_e_t": 8.930327415466309,
    "tgt_e_pose": 9.075688362121582,
    "cxt_e_R": 5.290200233459473,
    "cxt_e_t": 7.653913974761963,
    "cxt_e_pose": 8.732484817504883
  },
  "large": {
    "lpips": 0.08452129364013672,
    "ssim": 0.9100213050842285,
    "psnr": 29.243003845214844,
    "tgt_e_R": 1.2680412530899048,
    "tgt_e_t": 7.761866569519043,
    "tgt_e_pose": 7.950544834136963,
    "cxt_e_R": 2.362794876098633,
    "cxt_e_t": 5.343223571777344,
    "cxt_e_pose": 5.777216911315918
  }
}