{
  "lpips": 0.1125415787100792,
  "ssim": 0.87218177318573,
  "psnr": 27.10201072692871,
  "tgt_e_R": 2.0465917587280273,
  "tgt_e_t": 8.386805534362793,
  "tgt_e_pose": 8.568265914916992,
  "cxt_e_R": 3.823519468307495,
  "cxt_e_t": 6.43612813949585,
  "cxt_e_pose": 7.188737392425537
}